{"uuids": {"phone_id": "9a0bd0df-411f-49d0-96a7-75151678b8d5", "uuid": "397787b5-561c-45f9-9bd4-d639f0cd4be8", "client_session_id": "db9f253b-9247-4caa-a457-d30517f7d89f", "advertising_id": "d1009739-bcc1-45f1-8e3b-887cbe8fac77", "device_id": "android-0a60affab0d591d9"}, "cookie": {"csrftoken": "GVLRVDVRiHYVmMqLFnnDXXORrvpii5xe", "ds_user_id": "50285233299", "ig_direct_region_hint": "\"ASH\\05450285233299\\0541667745858:01f7b7b5c172d124549edefa3f5da980c1f4cf14551ad10078e705fb02915279debd81fe\"", "mid": "YYaUtQABAAG0ty8FZq_DclgWwuo8", "rur": "\"ASH\\05450285233299\\0541667745859:01f792231b331a8b559ec14d190b89b4dad90adb4b7c7a31a197e1ab55e8c8e9fe699674\"", "sessionid": "50285233299%3A9B8TDPMn2Hb7mP%3A4"}, "timing_value": {"last_login": 1636209846.805974, "last_experiments": 1636209846.8069506}, "device_settings": {"app_version": "117.0.0.28.123", "android_version": "28", "android_release": "9.0", "dpi": "420dpi", "resolution": "1080x1920", "manufacturer": "OnePlus", "device": "ONEPLUS A3003", "model": "OnePlus3", "cpu": "qcom", "version_code": "180322800"}, "user_agent": "Instagram 117.0.0.28.123 Android (28/9.0; 420dpi; 1080x1920; OnePlus; ONEPLUS A3003; OnePlus3; qcom; en_US; 180322800)"}